{
  "aggregate" : {
    "angularRounded" : {
      "envelopeUtilization" : 0.59565900000000005,
      "meanBaselineDeltaRange" : 0.20252400000000001,
      "meanClampRate" : 0.039351999999999998,
      "meanDisplayPositionRange" : 0.59565900000000005,
      "meanEnvelopeSpan" : 0.34000000000000002,
      "meanRawRange" : 0.20252400000000001,
      "meanUiDistinctPositions" : 55.299999999999997,
      "meanUiMarkerRange" : 0.59565900000000005,
      "nUsers" : 216,
      "p10DpRange" : 0.58254499999999998,
      "p50DpRange" : 0.59800799999999998,
      "p50RawRange" : 0.203323,
      "p90DpRange" : 0.60776399999999997,
      "pctStuckOneTertile_dp" : 0,
      "pctStuckOneTertile_ui" : 0,
      "pctUsersClampAny" : 92.599999999999994,
      "pctUsersClampHigh" : 0.90000000000000002
    },
    "contrast" : {
      "envelopeUtilization" : 0.41059299999999999,
      "meanBaselineDeltaRange" : 0.22172,
      "meanClampRate" : 0.018672999999999999,
      "meanDisplayPositionRange" : 0.40707100000000002,
      "meanEnvelopeSpan" : 0.54000000000000004,
      "meanRawRange" : 0.22172,
      "meanUiDistinctPositions" : 54.5,
      "meanUiMarkerRange" : 0.40707100000000002,
      "nUsers" : 216,
      "p10DpRange" : 0.34344400000000003,
      "p50DpRange" : 0.40906300000000001,
      "p50RawRange" : 0.22090099999999999,
      "p90DpRange" : 0.47426800000000002,
      "pctStuckOneTertile_dp" : 5.5999999999999996,
      "pctStuckOneTertile_ui" : 5.5999999999999996,
      "pctUsersClampAny" : 38,
      "pctUsersClampHigh" : 3.7000000000000002
    },
    "masculineFeminine" : {
      "envelopeUtilization" : 0.49283700000000003,
      "meanBaselineDeltaRange" : 0.33512900000000001,
      "meanClampRate" : 0,
      "meanDisplayPositionRange" : 0.49283700000000003,
      "meanEnvelopeSpan" : 0.68000000000000005,
      "meanRawRange" : 0.33512900000000001,
      "meanUiDistinctPositions" : 55.399999999999999,
      "meanUiMarkerRange" : 0.49283700000000003,
      "nUsers" : 216,
      "p10DpRange" : 0.41283900000000001,
      "p50DpRange" : 0.49985499999999999,
      "p50RawRange" : 0.33990199999999998,
      "p90DpRange" : 0.56460100000000002,
      "pctStuckOneTertile_dp" : 0,
      "pctStuckOneTertile_ui" : 0,
      "pctUsersClampAny" : 0,
      "pctUsersClampHigh" : 0
    },
    "metalTone" : {
      "envelopeUtilization" : 0.70263600000000004,
      "meanBaselineDeltaRange" : 0.44266100000000003,
      "meanClampRate" : 0.066975000000000007,
      "meanDisplayPositionRange" : 0.70882299999999998,
      "meanEnvelopeSpan" : 0.63,
      "meanRawRange" : 0.44266100000000003,
      "meanUiDistinctPositions" : 53.700000000000003,
      "meanUiMarkerRange" : 0.70882299999999998,
      "nUsers" : 216,
      "p10DpRange" : 0.57398700000000002,
      "p50DpRange" : 0.69162900000000005,
      "p50RawRange" : 0.47088600000000003,
      "p90DpRange" : 0.93920499999999996,
      "pctStuckOneTertile_dp" : 0,
      "pctStuckOneTertile_ui" : 0,
      "pctUsersClampAny" : 37.5,
      "pctUsersClampHigh" : 16.699999999999999
    },
    "structuredDraped" : {
      "envelopeUtilization" : 0.50978100000000004,
      "meanBaselineDeltaRange" : 0.17332600000000001,
      "meanClampRate" : 0.21180599999999999,
      "meanDisplayPositionRange" : 0.50978100000000004,
      "meanEnvelopeSpan" : 0.34000000000000002,
      "meanRawRange" : 0.17332600000000001,
      "meanUiDistinctPositions" : 46.399999999999999,
      "meanUiMarkerRange" : 0.50978100000000004,
      "nUsers" : 216,
      "p10DpRange" : 0.48161399999999999,
      "p50DpRange" : 0.51225299999999996,
      "p50RawRange" : 0.17416599999999999,
      "p90DpRange" : 0.53720400000000001,
      "pctStuckOneTertile_dp" : 0,
      "pctStuckOneTertile_ui" : 0,
      "pctUsersClampAny" : 100,
      "pctUsersClampHigh" : 99.099999999999994
    },
    "vibrancy" : {
      "envelopeUtilization" : 0.80381499999999995,
      "meanBaselineDeltaRange" : 0.35367900000000002,
      "meanClampRate" : 0.057716000000000003,
      "meanDisplayPositionRange" : 0.72685,
      "meanEnvelopeSpan" : 0.44,
      "meanRawRange" : 0.35367900000000002,
      "meanUiDistinctPositions" : 55.100000000000001,
      "meanUiMarkerRange" : 0.72685,
      "nUsers" : 216,
      "p10DpRange" : 0.64036300000000002,
      "p50DpRange" : 0.72751699999999997,
      "p50RawRange" : 0.35472700000000001,
      "p90DpRange" : 0.80535900000000005,
      "pctStuckOneTertile_dp" : 0,
      "pctStuckOneTertile_ui" : 0,
      "pctUsersClampAny" : 100,
      "pctUsersClampHigh" : 1.8999999999999999
    }
  },
  "cohort" : "synthetic_cohort",
  "engine" : "stage1_experimental",
  "generated" : "2026-06-26",
  "nUsers" : 216,
  "window" : {
    "days" : 60,
    "start" : "2026-05-01"
  }
}