{
  "aggregate" : {
    "angularRounded" : {
      "envelopeUtilization" : 0.49867,
      "meanBaselineDeltaRange" : 0.139628,
      "meanClampRate" : 0.010647999999999999,
      "meanDisplayPositionRange" : 0.49867,
      "meanEnvelopeSpan" : 0.28000000000000003,
      "meanRawRange" : 0.139628,
      "meanUiDistinctPositions" : 53.899999999999999,
      "meanUiMarkerRange" : 0.49867,
      "nUsers" : 216,
      "p10DpRange" : 0.41911100000000001,
      "p50DpRange" : 0.52673400000000004,
      "p50RawRange" : 0.14748600000000001,
      "p90DpRange" : 0.53827000000000003,
      "pctStuckOneTertile_dp" : 0.5,
      "pctStuckOneTertile_ui" : 0.5,
      "pctUsersClampAny" : 47.700000000000003,
      "pctUsersClampHigh" : 0
    },
    "contrast" : {
      "envelopeUtilization" : 0.70330599999999999,
      "meanBaselineDeltaRange" : 0.19692599999999999,
      "meanClampRate" : 0.70686700000000002,
      "meanDisplayPositionRange" : 0.263013,
      "meanEnvelopeSpan" : 0.28000000000000003,
      "meanRawRange" : 0.19692599999999999,
      "meanUiDistinctPositions" : 17.600000000000001,
      "meanUiMarkerRange" : 0.263013,
      "nUsers" : 216,
      "p10DpRange" : 0.120544,
      "p50DpRange" : 0.283387,
      "p50RawRange" : 0.19625100000000001,
      "p90DpRange" : 0.37438199999999999,
      "pctStuckOneTertile_dp" : 69.900000000000006,
      "pctStuckOneTertile_ui" : 69.900000000000006,
      "pctUsersClampAny" : 100,
      "pctUsersClampHigh" : 100
    },
    "masculineFeminine" : {
      "envelopeUtilization" : 0.28383799999999998,
      "meanBaselineDeltaRange" : 0.15894900000000001,
      "meanClampRate" : 0,
      "meanDisplayPositionRange" : 0.28383799999999998,
      "meanEnvelopeSpan" : 0.56000000000000005,
      "meanRawRange" : 0.15894900000000001,
      "meanUiDistinctPositions" : 52,
      "meanUiMarkerRange" : 0.28383799999999998,
      "nUsers" : 216,
      "p10DpRange" : 0.22387599999999999,
      "p50DpRange" : 0.28287299999999999,
      "p50RawRange" : 0.15840899999999999,
      "p90DpRange" : 0.33781099999999997,
      "pctStuckOneTertile_dp" : 84.700000000000003,
      "pctStuckOneTertile_ui" : 84.700000000000003,
      "pctUsersClampAny" : 0,
      "pctUsersClampHigh" : 0
    },
    "metalTone" : {
      "envelopeUtilization" : 0.48261399999999999,
      "meanBaselineDeltaRange" : 0.33662300000000001,
      "meanClampRate" : 0.081404000000000004,
      "meanDisplayPositionRange" : 0.48827399999999999,
      "meanEnvelopeSpan" : 0.69750000000000001,
      "meanRawRange" : 0.33662300000000001,
      "meanUiDistinctPositions" : 2.2000000000000002,
      "meanUiMarkerRange" : 0.61574099999999998,
      "nUsers" : 216,
      "p10DpRange" : 0.35599999999999998,
      "p50DpRange" : 0.46821000000000002,
      "p50RawRange" : 0.35788300000000001,
      "p90DpRange" : 0.68168300000000004,
      "pctStuckOneTertile_dp" : 0,
      "pctStuckOneTertile_ui" : 0,
      "pctUsersClampAny" : 16.699999999999999,
      "pctUsersClampHigh" : 16.699999999999999
    },
    "structuredDraped" : {
      "envelopeUtilization" : 0.47705999999999998,
      "meanBaselineDeltaRange" : 0.143118,
      "meanClampRate" : 0.140818,
      "meanDisplayPositionRange" : 0.47705999999999998,
      "meanEnvelopeSpan" : 0.29999999999999999,
      "meanRawRange" : 0.143118,
      "meanUiDistinctPositions" : 49.799999999999997,
      "meanUiMarkerRange" : 0.47705999999999998,
      "nUsers" : 216,
      "p10DpRange" : 0.46454800000000002,
      "p50DpRange" : 0.477852,
      "p50RawRange" : 0.14335600000000001,
      "p90DpRange" : 0.488595,
      "pctStuckOneTertile_dp" : 0,
      "pctStuckOneTertile_ui" : 0,
      "pctUsersClampAny" : 100,
      "pctUsersClampHigh" : 82.900000000000006
    },
    "vibrancy" : {
      "envelopeUtilization" : 0.81789900000000004,
      "meanBaselineDeltaRange" : 0.35987599999999997,
      "meanClampRate" : 0.081790000000000002,
      "meanDisplayPositionRange" : 0.71325300000000003,
      "meanEnvelopeSpan" : 0.44,
      "meanRawRange" : 0.35987599999999997,
      "meanUiDistinctPositions" : 53.899999999999999,
      "meanUiMarkerRange" : 0.71325300000000003,
      "nUsers" : 216,
      "p10DpRange" : 0.63036599999999998,
      "p50DpRange" : 0.71551900000000002,
      "p50RawRange" : 0.35752699999999998,
      "p90DpRange" : 0.79456400000000005,
      "pctStuckOneTertile_dp" : 0,
      "pctStuckOneTertile_ui" : 0,
      "pctUsersClampAny" : 100,
      "pctUsersClampHigh" : 16.199999999999999
    }
  },
  "cohort" : "synthetic_cohort",
  "engine" : "stage1_experimental",
  "generated" : "2026-06-11",
  "nUsers" : 216,
  "window" : {
    "days" : 60,
    "start" : "2026-05-01"
  }
}