{
  "aggregate" : {
    "angularRounded" : {
      "envelopeUtilization" : 0.59564600000000001,
      "meanBaselineDeltaRange" : 0.20252000000000001,
      "meanClampRate" : 0.039583,
      "meanDisplayPositionRange" : 0.59564600000000001,
      "meanEnvelopeSpan" : 0.34000000000000002,
      "meanRawRange" : 0.20252000000000001,
      "meanUiDistinctPositions" : 55.299999999999997,
      "meanUiMarkerRange" : 0.59564600000000001,
      "nUsers" : 216,
      "p10DpRange" : 0.58256399999999997,
      "p50DpRange" : 0.59800799999999998,
      "p50RawRange" : 0.203323,
      "p90DpRange" : 0.60776399999999997,
      "pctStuckOneTertile_dp" : 0,
      "pctStuckOneTertile_ui" : 0,
      "pctUsersClampAny" : 93.099999999999994,
      "pctUsersClampHigh" : 0.90000000000000002
    },
    "contrast" : {
      "envelopeUtilization" : 0.41095999999999999,
      "meanBaselineDeltaRange" : 0.221918,
      "meanClampRate" : 0.018672999999999999,
      "meanDisplayPositionRange" : 0.40741300000000003,
      "meanEnvelopeSpan" : 0.54000000000000004,
      "meanRawRange" : 0.221918,
      "meanUiDistinctPositions" : 54.399999999999999,
      "meanUiMarkerRange" : 0.40741300000000003,
      "nUsers" : 216,
      "p10DpRange" : 0.34383000000000002,
      "p50DpRange" : 0.40906300000000001,
      "p50RawRange" : 0.22090099999999999,
      "p90DpRange" : 0.47426800000000002,
      "pctStuckOneTertile_dp" : 5.0999999999999996,
      "pctStuckOneTertile_ui" : 5.0999999999999996,
      "pctUsersClampAny" : 38.399999999999999,
      "pctUsersClampHigh" : 3.7000000000000002
    },
    "masculineFeminine" : {
      "envelopeUtilization" : 0.492562,
      "meanBaselineDeltaRange" : 0.33494200000000002,
      "meanClampRate" : 0,
      "meanDisplayPositionRange" : 0.492562,
      "meanEnvelopeSpan" : 0.68000000000000005,
      "meanRawRange" : 0.33494200000000002,
      "meanUiDistinctPositions" : 55.399999999999999,
      "meanUiMarkerRange" : 0.492562,
      "nUsers" : 216,
      "p10DpRange" : 0.41283900000000001,
      "p50DpRange" : 0.49887399999999998,
      "p50RawRange" : 0.33923399999999998,
      "p90DpRange" : 0.56460100000000002,
      "pctStuckOneTertile_dp" : 0,
      "pctStuckOneTertile_ui" : 0,
      "pctUsersClampAny" : 0,
      "pctUsersClampHigh" : 0
    },
    "metalTone" : {
      "envelopeUtilization" : 0.70263600000000004,
      "meanBaselineDeltaRange" : 0.44266100000000003,
      "meanClampRate" : 0.067052,
      "meanDisplayPositionRange" : 0.70882299999999998,
      "meanEnvelopeSpan" : 0.63,
      "meanRawRange" : 0.44266100000000003,
      "meanUiDistinctPositions" : 2.7999999999999998,
      "meanUiMarkerRange" : 0.89814799999999995,
      "nUsers" : 216,
      "p10DpRange" : 0.57398700000000002,
      "p50DpRange" : 0.69162900000000005,
      "p50RawRange" : 0.47088600000000003,
      "p90DpRange" : 0.93920499999999996,
      "pctStuckOneTertile_dp" : 0,
      "pctStuckOneTertile_ui" : 0,
      "pctUsersClampAny" : 37.5,
      "pctUsersClampHigh" : 16.699999999999999
    },
    "structuredDraped" : {
      "envelopeUtilization" : 0.50943400000000005,
      "meanBaselineDeltaRange" : 0.173208,
      "meanClampRate" : 0.21249999999999999,
      "meanDisplayPositionRange" : 0.50943400000000005,
      "meanEnvelopeSpan" : 0.34000000000000002,
      "meanRawRange" : 0.173208,
      "meanUiDistinctPositions" : 46.399999999999999,
      "meanUiMarkerRange" : 0.50943400000000005,
      "nUsers" : 216,
      "p10DpRange" : 0.48092699999999999,
      "p50DpRange" : 0.51188299999999998,
      "p50RawRange" : 0.17404,
      "p90DpRange" : 0.53720400000000001,
      "pctStuckOneTertile_dp" : 0,
      "pctStuckOneTertile_ui" : 0,
      "pctUsersClampAny" : 100,
      "pctUsersClampHigh" : 99.099999999999994
    },
    "vibrancy" : {
      "envelopeUtilization" : 0.80381499999999995,
      "meanBaselineDeltaRange" : 0.35367900000000002,
      "meanClampRate" : 0.057485000000000001,
      "meanDisplayPositionRange" : 0.72685,
      "meanEnvelopeSpan" : 0.44,
      "meanRawRange" : 0.35367900000000002,
      "meanUiDistinctPositions" : 55.100000000000001,
      "meanUiMarkerRange" : 0.72685,
      "nUsers" : 216,
      "p10DpRange" : 0.64036300000000002,
      "p50DpRange" : 0.72751699999999997,
      "p50RawRange" : 0.35472700000000001,
      "p90DpRange" : 0.80535900000000005,
      "pctStuckOneTertile_dp" : 0,
      "pctStuckOneTertile_ui" : 0,
      "pctUsersClampAny" : 100,
      "pctUsersClampHigh" : 1.8999999999999999
    }
  },
  "cohort" : "synthetic_cohort",
  "engine" : "stage1_experimental",
  "generated" : "2026-07-09",
  "nUsers" : 216,
  "window" : {
    "days" : 60,
    "start" : "2026-05-01"
  }
}